index,플레이리스트_번호,멜론DJ,플레이리스트,번호,플레이리스트_태그
495785720,495785720,jeunesse_,신나고 가슴 벅찬 비트! 일렉트로니카,"31508921, 31713755, 33442604, 30037845, 8030587, 31129655, 31591269, 31553089, 32522629, 30665875, 33094483, 32409393, 33332527, 30059564, 30076784, 33215540, 30140696, 30913981, 5488946, 4296849, 33336539, 33267453, 30907542, 30459427, 33226228, 32595719, 30678480, 32273776, 31829758, 32358854, 33155587, 33343377, 31719775, 32971146, 33278829, 33608539, 24451417, 33022652, 30775914, 33362166, 32625377, 32175114, 30318427, 30318108, 31080110, 33313331, 33316902, 30527128, 9611999, 4214977",#기분전환 #EDMFloor #stress #청량 #Summer #페스티벌 #Electronia #드라이브 #여름 #Exciting
495524162,495524162,OST마스터,NEW 슬기로운 의사생활 시즌2 OST & 삽입곡,"59196, 1459607, 32473998, 32330564, 33395161, 33589488, 33618864, 1053846, 91487, 32582913, 33164316, 62614, 81013, 33638428, 32508146, 32770418",#슬기로운의사생활시즌2 #추억 #기분전환 #슬의생 #OST #리메이크 #국내드라마 #메디컬드라마
450629235,450629235,Melon_핫트렌드,NEW Ed Sheeran TOP 5 차트 데뷔! 금주 빌보드 차트,"33623210, 33183976, 33623210 32809262 33432810, 33620184 33433769, 33507852 33588006, 32610439, 33117858 33183976 33111832 33043982, 33111832, 33117858, 33189413, 33607945 33003724, 33542747, 33333778, 33542591, 33607942, 33433769 33574259 32723903 33029358, 33618847 33043982 32962945, 33481746, 33607945, 32723903, 33620194, 33333951 32392747, 33386978, 33003232, 33620184, 33620186, 32951834, 33639133 33276263 33328774 33398835 33507595, 33507137 33189413 33267411 33506435 33560611, 33588650 32219271, 33366440 32252543 32219271 33398099 32252543, 33328774, 33542747 32392747 33538424 33398099, 33333951, 33065343 33655274 33386978 33359317, 32809262, 33366440, 33542591 33507137, 33507595 33003724 33447588, 33002970, 33003232 33506435, 33447588 33029358 32962945 33620183, 33189165 33607942 33432810 33538424, 33359317 33002970 33481746 32631983 33189165, 33333778 33398835, 32951834 33574259, 33065343, 33507852,",#Pop #빌보드Hot50 #명곡 #트렌디 #빌보드 #드라이브 #기분전환
495781445,495781445,컬러사운드,부드러운 거품처럼 편안함을 주는 알앤비,"31184764, 32651064, 31463262, 3808188, 32208560, 33017471, 30683887, 32651065, 33448048, 32235591, 33206749, 33371271, 31429706, 33211007, 32604377, 33273088, 33487889, 32995593, 31888767, 31866407",#침대 #릴렉스 #거품 #연인 #달콤 #로맨틱 #위로 #편안함 #분위기 #휴식
495866039,495866039,인디키키,여름밤 특유의 공기가 주는 두근거림,"33235083, 32977196, 32961890, 32743111, 33476728, 31987653, 33571543, 32899744, 33049133, 32906419, 33272315, 32912808, 30031487, 33045720, 31687945, 32706637, 32645580, 31482226, 30600339, 33480294, 33341133, 31867703, 32926951, 31564927, 31788868, 33200337, 30806239, 32858161, 33422279, 33516150, 33653442, 32506662, 32696461, 32810868, 33487315, 32689879, 31689381, 33498478, 33453441, 32475541, 33162978, 32158613, 33579160, 32970117, 31111222, 31686908, 32722583, 32874030, 32922397, 33452568",#사랑 #밤 #설렘 #인디 #신나는 #감성 #여름밤
494969549,494969549,yoIo,"일상 속 작은 기쁨, 미소가 번지는 Music","33382510, 33295468, 31013081, 33239946, 32812335, 32130711, 33372476, 33367354, 33356525, 32887181, 32754159, 32932967, 33520340, 32725616, 32635506, 33356526, 32208960, 32775936, 32092011, 33452668, 32903456, 32752052, 33390065, 33512250, 33459683, 31747159, 31916881, 33449394, 32963221, 33321110, 33396568, 33298467",#사랑 #기분전환 #행복 #외출 #기분좋은 #신나는 #출근길 #산책 #드라이브 #여름
495080094,495080094,대중가요마스터,무더위 식혀주는 상쾌한 리메이크 발라드,"33214206,, 33526809, 38617,, 1629574 2335551,,, 31110500,, 33567502,, 1653894 30635493,,, 31110500,,, 33526809 8271663, 30587671 38617 33552335,, 33526809,,, 3565243, 31695072, 31878518,, 8271663 33567502 30660281, 30587671,,, 8271663,,, 31110500, 31110500 1322987,,, 8275728, 8275728,,, 3164251 33552335 31878518, 33567502, 8271663,, 33515711, 3164251,, 33552335, 1322987 2335551 3038752, 30635493,, 30614057,,, 38617, 3164251, 32491274 607532,, 30660281,,, 8275728 4359786,,, 30614057 4359786,, 30660281 30587671,, 31695072 31695072,, 32491274,,, 33515711 3038752 30635493 31878518,,, 1629574, 1322987, 33515711,, 33214206 32491274,, 3890826, 30660281,, 1629574,, 31878518 30635493, 30516543,,, 33526809,, 30614057, 1653894, 607532, 1322987,, 3038752,, 33515711,,, 4359786 607532 3565243,, 607532,,, 3038752,,, 3890826,, 4646588,,, 2335551, 8275728,, 33214206, 3565243 32491274, 3890826 30614057,, 30587671, 4359786, 2335551,,",#리메이크 #명곡 #바다 #발라드 #추억 #시원한 #여름 #기분전환 #상쾌한
494809787,494809787,Hipster,와인 마시며 듣기 좋은 로맨틱 올드 재즈팝,"23637612, 453949, 1085324, 1123798, 383901, 1191740, 3562012, 707306, 23131876, 227046, 1271771, 31307595, 1568030, 3554139, 17274780, 368167, 30282381, 1753118, 1113257, 2735370, 33059045, 1118619, 32567076, 453957, 106757034, 101694537, 23637056, 21335492, 1090292, 32398976, 1271752, 415711, 22886315",#올드재즈 #올드팝 #퇴근 #기분전환 #재즈 #와인 #Pop #일상 #Jazz #여름
462088795,462088795,DJ멜군,멜론DJ에서 사랑받은 상반기 가요 50곡,"33011180, 1944399, 30962526, 32872978, 711626, 30512671, 33067476, 5700879, 33507137, 420534, 4076051, 445413, 4579468, 3753304, 30486509, 732519, 31175119, 3414749, 33239419, 8124417, 30190630, 686651, 8130796, 31606729, 4543502, 32491274, 8158031, 30287019, 33464805, 1467722, 30314784, 32961718, 32860397, 623902, 5650996, 32559781, 32003395, 519620, 30492279, 32559782, 31737197, 30290580, 32790516, 31388145, 1093692, 32061975, 30514366, 8235260, 1798588, 1325050",#멜론DJ #상반기 #기분전환 #2021 #가요 #명곡 #발라드 #댄스 #인기 #베스트
462121500,462121500,DJ멜군,멜론DJ에서 사랑받은 상반기 팝 50곡,"33359317, 32375186, 32584913, 33271200, 31341518, 31029291, 33116208, 32004450, 32962945, 32474773, 33328774, 33183976, 32809262, 33333951, 32938777, 32793011, 32576650, 30717645, 32055419, 33333761, 32536431, 33398835, 32122539, 31979846, 31598143, 31978115, 33182676, 30188113, 32357931, 32962258, 32991424, 32861541, 4857981, 32137576, 33029346, 33029358, 32604377, 32219271, 33013123, 33174125, 31768993, 33188363, 32996063, 33060430, 32104269, 33059002, 32974285, 31621518, 32182451, 31509376",#트렌디 #멜론DJ #상반기 #2021 #명곡 #팝 #인기 #음색 #베스트 #드라이브
496323821,496323821,Melon_핫트렌드,빌보드 The 50 Best Songs of 2021,"33359317, 33496293, 33222160, 32995666, 33460003, 32991566, 33398594, 32392747, 32962945, 33379967, 33317475, 33329894, 33507137, 33262610, 33265087, 32723903, 33183976, 33189413, 33333951, 33323005, 32951834, 32742825, 33438165, 33432956, 33276263, 33447287, 33462899, 33398835, 33211448, 33484874, 33048436, 33433769, 33333778, 33327420, 33438040, 33111832, 33164119, 33398099, 33481746, 33366440, 33422788, 33346446, 33425292, 33072250",#트렌디 #빌보드 #기분전환 #상반기 #2021 #명곡 #팝 #인기 #음색 #베스트
495876340,495876340,daniel_siwoo,상반기 국내 CCM 띵곡 ♬ 골라 듣기,"33367148, 33208342, 33568742, 33608406, 33421161, 33299062, 33406496, 33211954, 33543534, 33327204, 33191689, 33349963, 33583887, 33569375, 33219069, 33195858, 33143981, 33528231, 33131398, 33434698, 33582045, 33571152, 33400814, 33586302, 33272877, 33140435, 33414769, 33569204, 33411763, 33411796, 33337853, 33158116, 33159112, 33548334, 33434514, 33274897, 33592439, 33253443, 33497864, 33431255, 33144576, 33590777, 33159486, 33207661, 33153397, 33582180, 33299057, 33218153, 33275112, 33205508, 33549541, 33121280, 33175413",#파워DJ_CCM #상반기결산 #CCM #CCM추천 #국내ccm #CCM전문가
434961831,434961831,OST마스터,스크린을 통해 느낀 서구 고전문학,"7848081, 3904037, 7872334, 7848066, 1762555, 3331757, 1762549, 4217408, 30063059, 14606149, 3904043, 3331748, 4059371, 7848068, 3331765, 4059353, 7872348, 11143085, 1762445, 1762560, 30063065, 646184, 7848075, 4059370, 7848074, 646186",#문학 #OST #아련한 #잔잔한 #힐링 #서정성 #장르 #감성 #시대극 #고전
441279857,441279857,POP마스터,서정성을 극대화한 로파이 코드,"5660619, 7960812, 30419409, 12139599, 30748991, 30421192, 7960811, 7897314, 30316669, 30501990, 5660620, 4054554, 8099657, 30984538, 30827782, 30781039, 1624635, 30781038, 30819544, 8099663, 32102211, 4769547, 30421189, 30359137, 31882888, 30414492, 9606433, 5615787, 32065875, 30068181",#since2000 #아련한 #송라이터 #인디팝 #에센셜 #밤새벽 #Pop #아날로그 #로파이 #감성
432600433,432600433,대중가요마스터,서정미 넘치는 1990년대 남녀 듀엣 발라드,"742451, 2184581, 50734, 85268, 86866, 76954, 742446, 38639, 38457, 33728, 842539, 111572, 91049, 57341, 61780, 83500, 59078, 38114, 1876473, 68999",#추억 #서정미 #사랑설렘 #잔잔한 #1990년대 #가요 #회상 #발라드 #듀엣 #혼성
432873177,432873177,월드뮤직마스터,"시대와 호흡해온 음유시인, 까에따노 벨로주","1572130, 4794510, 4511843, 4663604, 4794513, 1572137, 5999874, 5999848, 486998, 3838986, 4511836, 5999869, 3838977, 3820220, 5999855, 3792248, 1572128, 30139900, 5999832, 486997, 4511837, 3443545, 16077513, 5999868, 5999820, 4702050, 106844519, 525095, 3854803, 4511849, 30139913, 4404447",#국민가수 #World #브라질 #저항 #싱어송라이터 #etc #낭만적인 #라틴 #월드뮤직 #서정적인
495820050,495820050,obey,비와 적막함을 닮은 잔잔한 곡들,"33353764, 33510392, 31582942, 33312350, 33029771, 33219764, 33477100, 33557371, 33124651, 33408227, 32858734, 32535136, 32536488, 33342158, 33573288, 33421988, 33231291, 30406087, 33358571, 33535844, 33352337, 33421983, 33501991, 33225845, 33358716, 32324845, 33402818",#슬픈 #기분전환 #비 #잔잔한 #밤 #힐링 #장마철 #감성 #새벽 #비오는날
456889007,456889007,POP마스터,"비오는 날, 찾아 듣고 싶은 감성 뮤직","30261818, 30014237, 3448388, 1315094, 3946036, 30733777, 2117956, 31889301, 8222027, 31082731, 8080523, 31434444, 8111874, 33324345, 33359294, 31639961, 32996063, 32997757, 30705912, 31138747",#슬픈 #잔잔한 #몽환 #우산 #팝 #얼터너티브 #감성 #새벽 #비오는날 #휴식
457915015,457915015,HIPHOP마스터,센치한 비 오는 날을 함께할 힙합/알앤비,"32790874, 32265694, 31417874, 30773554, 8204712, 30063772, 32958322, 30492277, 33425476, 32581667, 32054960, 31121523, 31143991, 31056799, 31587508, 33632153, 31856629, 31584885, 1850253, 33645971",#힙합 #비 #우울 #센치 #알앤비 #국내힙합 #비오는날
489466883,489466883,음악이주는힘,"무드등 켜고 들어요, 아늑한 분위기의 JAZZ","23630088, 229112, 863331, 1482047, 4789622, 5096496, 20902768, 1949651, 1605577, 3919229, 7727206, 1949654, 359320, 1949656, 871471, 612900, 33059037, 102726971, 23665063, 32189681, 893061, 8278966, 6005115, 23665054, 359317, 8193035, 649774, 20907207, 1949662, 23665059",#침대 #사색 #재즈 #재즈바 #혼술 #무드등 #와인 #작업 #혼자만의시간 #비오는날
494970649,494970649,celette,노을빛 어스러지는 러브 스토리,"32543478,, 31751903,,, 31577927 33027461,,, 31993919,, 32870128, 32083450,, 32732856,,, 32287729,,, 31577927,, 32611648,, 32611648, 32732856 33071998, 31868783, 31993919 32077719, 32956304 32502550,,, 31868783,, 32359121 31978115, 32083450 31478956,,, 32471211,,, 31759423 32611785 32460061,,, 31759423,, 31993919,,, 32956304,, 32359121,, 31751903,, 32611648 32928611, 31978115,,, 33071998,,, 32928611 32287729,, 32732856,, 32460061,, 31868783 32290499 32077719 33009255 31801911,, 32697985,, 32752211,, 32752211, 32465632,, 30801603,, 32928611,,, 32870128,, 32714482,,, 32471211 32872695 32359121,,, 31751903 32055283, 32697985,,, 32287729 30233059,, 33067077,,, 32502550, 33067077 32282832, 32956304, 32287729, 32083450, 31478956 32872695,, 32752211 31577927, 32465632,,, 31993919, 32872695,,, 32460061, 33009255, 32282832,,, 31801911 32611648,,, 32359121, 31478956, 32543478,,, 32543478, 32290499, 32611785,,, 32290499,,, 32471211, 33009255,, 32055283 31577927,,, 32465632, 32055283,,, 31751903, 30801603 32752211,,, 31801911,,, 32714482,, 32471211,, 32697985 33071998 31478956,, 31801911, 32697985, 30233059, 32870128,,, 33027461, 32714482 31978115,, 32956304,,, 32502550 30801603, 32290499,, 32460061 32714482, 32732856, 31868783,,, 32928611,, 31759423,,, 31759423, 32611785,, 33027461,, 32055283,, 32502550,, 33027461 32870128 32282832,, 32077719,,, 32465632 32282832 33067077, 31978115 32083450,,, 32872695, 33071998,, 32543478 32077719,, 30801603,,, 30233059 32611785,",#하이틴 #Pop #맑음 #화상 #설레는 #신나는 #시원한 #여름 #기분전환 #바다
477147502,477147502,은비의일기,"여름밤, 하이틴 감성의 청량한 노래들","31759829, 18914590,,, 31759422 32374555,, 4609762 30747402,, 31759829,,, 31759422, 32083450,, 31882298, 31824500,, 18914590, 31139243,, 32141916, 30076985 31954438,, 31868783, 30097796,, 3957658, 31773595 32373363 33130680,, 32121002 31868783,, 31640878,, 31978115, 31237310,,, 30747402,,, 31478956,,, 32083450 30410175,, 31759422,,, 30410175, 32517163, 30410175,,, 31954438, 32225770 30915193 31279100,, 31975601 31759829,, 31306426 31306426,, 32853868,,, 31640878,,, 19379851, 31306426, 31978115,,, 30830040 32225770, 4609762,, 32517163 9618752 30410175 4174243,,, 4174243 30830040,, 4609762,,, 9618752,, 32121002,, 31129946 32373363, 31954438 32141916,,, 30076985,, 31139246 32121002,,, 32517163,, 30747402 31868783 30097796,,, 32225770,, 31306426,,, 31801911,, 31139243,,, 30097796 30801603,, 31129946, 4609762, 30915193,,, 31824500 30076985,,, 4174243,, 31139246,,, 31882298,,, 32853868 3957658,,, 31759829 32374555 31139246, 30233059,, 31139243, 32083450, 31139246,, 31975601,,, 30747402, 31478956 31139243 30915193, 32517163,,, 30830040, 31279100,,, 32374555, 31801911 31127406,,, 31882298 31478956, 31824500, 32574989,, 18914590 31237310, 31127406 31279100 31127406,, 30801603 31975601, 30097796, 33130680 31801911,,, 31759183 32121002, 32141916,, 30233059,,, 31478956,, 4174243, 31801911, 30233059, 31978115,, 30801603, 31759422,, 31640878 31773595,,, 31882298,, 31129946,, 32373363,, 30915193,, 32574989 31773595, 30076985, 32141916 31868783,,, 18914590,, 9618752,,, 32373363,,, 31759183, 31759183,, 31759183,,, 31954438,,, 9618752, 31773595,, 31237310 33130680,,, 31237310,, 31824500,,, 31279100, 3957658 19379851,,, 19379851 30830040,,, 32374555,,, 31127406, 31975601,, 31978115 32083450,,, 32853868,, 32853868, 33130680, 30801603,,, 31129946,,, 30233059 19379851,, 32574989, 31640878,",#하이틴 #밤 #여름밤 #Pop #청량함 #감성
493536616,493536616,공중정원.,빈티지한 하이틴 재질 Alternative pop,"33180043 31681338,,, 31767137, 33204154,, 18601078,, 32675120,, 32005171, 33449043 32936036, 32433205 33304480, 33045744 33403563 32433205,, 33405177, 33411670,, 106803389,, 33073048, 32675120,,, 31767137 18601078,,, 101339662 24769169 33449043, 33045744,, 33304480 24769169, 33129240 32936036,, 33403563,, 32559536 31820433,,, 33449043,,, 33074981, 32972091 33392748 32675120 33392748,, 33204154,,, 30047325,, 33204154 33405177,, 32972091,,, 32966909, 33328545, 33045744, 33180043,,, 32433205,,, 31820433 33463317 3714223,, 33204154, 24769169,,, 31714927 31681338,, 32972091,, 33129240, 32005171,, 32627575,, 32559536,,, 32936036 33363357, 106803389 32708217, 3714223,,, 33421152,,, 18601078, 30047325 33363357,,, 33073048,, 33361502,, 33361502, 32559536,, 33411670,,, 31249982,, 32005171 32972091, 31249982 32946165,,, 31767137,, 33463317,, 31767137,,, 33449043,, 32005171,,, 33392748, 32966909 101339662, 101339662,, 32627575,,, 33411670, 32708217 33421152, 30047325,,, 106803389, 31249982,,, 31681338 33328545,, 33074981,, 33463317, 33434549,, 30047325, 32946165,, 31249982, 33405177,,, 32708217,, 32574836 33361502 32853566, 32627575 33243732 31681338, 33304480,, 32708217,,, 33363357 33403563, 33361502,,, 33178430 33363357,, 32966909,, 32946165, 24769169,, 31714927, 32966909,,, 33434549,,, 33403563,,, 33178430,, 32936036,,, 33180043,, 32559536, 3714223 33421152 31714927,,, 33421152,, 33411670 32574836,,, 32853566,,, 33434549, 33243732,,, 32675120, 33180043, 32433205, 31820433,, 33328545,,, 33178430,,, 32574836, 33073048,,, 33178430, 33045744,,, 33243732,, 32853566 33304480,,, 18601078 32574836,, 32627575, 33129240,, 31820433, 33243732, 33434549 32853566,, 33405177 31714927,, 33392748,,, 33074981 32946165 106803389,,, 33074981,,, 3714223, 33073048 33328545",#하이틴 #얼터너티브 #락 #빈티지 #기분좋은 #기분전환 #청춘 #산뜻한
493836812,493836812,베뤼베뤼후뤠쉬베뤼는정말마시쪙,외국 하이틴 드라마에 나올듯한 팝송,"33039695, 33405409, 33039695,, 33014531, 32932397,,, 33039695 30294225,,, 32467818, 7887230,,, 33449448,, 32946516 31664948 32357971, 33449448 31664948, 32077999, 31341509,, 8279038,,, 8279038 32932397, 33405409 31664948,,, 33416084 33415753,,, 31127407,,, 31637862,, 8279038, 33039695,,, 31462612,, 31292416, 32946516, 7887230 31292416,, 32865693 31637862, 7887230,, 33481746, 33415753 32467818,,, 31462612, 32077999,,, 31069208,,, 31637862 33457040 8279038,, 31623567, 33481746,,, 31462612,,, 30294225, 31127407 33416084,,, 33309890, 31292416 31623567 33309890 7887230, 33457040,, 32357971 32865693,,, 31069208, 32018074, 33457040,,, 31341509 31341509, 31127407,, 33309890,, 32018074,,, 32946516,,, 30294225,, 31127407, 32357971,, 33014531 32018074 33449448,,, 33415753,, 31623567,, 31292416,,, 31341509,,, 31664948,, 33449448, 31462612 32467818 32077999,, 32865693, 33457040, 32932397,, 33416084, 33481746,, 32946516,, 33415753, 33309890,,, 31637862,,, 33405409,, 33405409,,, 32357971,,, 31069208 32865693,, 32018074,, 32077999 30294225 33014531,, 33481746 33416084,, 32932397 31069208,,",#하이틴 #10대 #설렘 #외출 #풋풋한 #드라이브 #기분전환 #팝
495200485,495200485,celette,편집샵에서 흘러나오는 세련된 케이팝,"31254922, 31641746, 32302933, 31492327, 31399722, 32941077, 31055328, 32559498, 33253494, 32636659, 32112916, 32941215, 32543384, 31934966, 32620701, 30736442, 32528371, 8176248, 32543479, 31297366, 31917679, 33159390, 32620704, 31448493, 31943382, 7847870, 31297367, 31833595, 33020304, 33437613, 32748914, 30736438, 32941078, 30919067, 31423965, 31189089, 31754582, 32147119, 32364511, 31754581, 30019697, 33408562, 32112913, 31943385, 32931709, 32387968, 32593123, 31955740, 32217925, 31817362",#트렌디 #플레이스트 #감각적 #케이팝 #편집샵 #세련된 #내가좋아하는노래 #비트
449661474,449661474,Hido.T,귓가에 속삭여 주는 듯이 기분 좋은 음악,"33227630, 33551128, 32220907, 33325148, 33373047, 33516388, 33427411, 33594746, 33440247, 32404626, 33642566, 33644708, 33010630, 33257156, 32298251, 32315539, 33592010, 33482841, 33539114, 33394150, 32955963, 33138397, 33381548, 32254213, 33624513, 33542963, 33591549, 31850466, 33484820, 31917387, 33333903, 32696420, 32818943, 32220909, 32091223, 33372144, 33496491, 31094643, 30404951, 33628732, 32482640, 33529652, 33339344, 33643851, 32315542, 33423513, 33593581, 32254215, 33351888, 33162976, 31321349, 33496617, 33361477",#모닝콜 #매장음악 #카페 #노동요 #잔잔한 #잔잔한어쿠스틱 #오후 #퇴근길 #아침 #휴식
446042950,446042950,AliceK,"유니크한 당신을 위해, 감각적인 힙스터 팝!","33365516, 33631732, 33385486, 31356647, 33383478, 33377560, 33578947, 33455671, 32532183, 33142616, 33634935, 33601085, 33352738, 33160569, 32828600, 33228514, 33395371, 33374166, 33396078, 33303456, 32696551, 33395482, 32929398, 33385892, 33012144, 32584808, 33327026, 31210919, 32815477, 33477632, 32500142, 33501965, 32819720, 33282060, 33383283, 33405225, 33147314, 33347071, 33601435, 32667985, 32718868, 30888469, 33341449, 33415425, 32865560, 33638947, 33501505, 33428510, 33383295, 33462766, 33056953, 33011359, 33126545, 33044319, 33566877, 32145384, 33243079, 33322657, 33439014, 33196608, 33600080, 32078632, 33348235, 33338178",#기분전환 #매장음악 #팝 #취향저격 #편집샵 #일상 #유니크 #일렉 #감각적인 #분위기
490914098,490914098,HIPHOP마스터,"공허한 밤, 귓가에 맴도는 힙합","33254836, 33317526, 33231492, 33542747, 33260212, 33308508, 33250748, 33287963, 33071537, 33336928, 32715923, 33097757, 33333767, 32457836, 33276263, 33214884, 33232354, 33280271, 32807954, 33077998",#힙합 #밤 #센치 #해외힙합 #쓸쓸 #2020년대 #감성 #새벽 #외힙
457914976,457914976,HIPHOP마스터,달달하고 부드러운 남녀 아티스트 콜라보,"33444738,,, 5387875,,, 31215747,,, 31186171, 32307439, 9603279,,, 31186171,,, 31015284,, 32420168, 33645879,, 9603279,, 32607375, 31035061, 32650472,,, 5604757,, 30049271,, 4681146,,, 31035061,,, 5604757,,, 31015284,,, 31035061,, 5387875,, 32212735, 31015284, 3946867, 4433490,, 33444738,, 4433490,,, 31975521,, 32224280,, 32650472, 5604757, 32307439,,, 3946867,,, 31215747,, 33645879, 33645879,,, 32616834, 32607375,, 32212735,,, 32607375,,, 4681146, 32224280, 30049271, 9603279, 5387875, 31975521, 3946867,, 32307439,, 32616834,, 32616834,,, 33444738, 31215747, 32420168,,, 32650472,, 31186171,, 32224280,,, 4433490, 4681146,, 32420168,, 32212735,",#트렌디 #힙합 #부드러운 #콜라보 #피처링 #듀엣 #국내힙합 #힙한 #감성 #달달한
496147745,496147745,음악이주는힘,"NEW 집순이, 집돌이를 위한 플레이리스트","33542172, 32544259, 33562125, 1792180, 33093677, 32990396, 33613506, 1547843, 33614923, 33445158, 33090684, 31838878, 33542173, 32913166, 8055443, 7973329, 33542175, 33348185, 8207756, 8055236",#편안한 #휴일 #주말 #오후 #힐링 #기분좋은 #아침 #집콕 #행복한 #작업
439684858,439684858,Melon_핫트렌드,NEW 멜론 공식 음악 맛집! 매력적인 'POP',"33621393, 33666790, 33666148, 33666272, 33631728, 33608136, 33623384, 33617971, 33655783, 33629069, 33615583, 33621300, 33600068, 33658563, 33621352, 33628108, 33632690, 33655097, 33610690, 33618963, 33637057, 33637819, 33629415, 33660019, 33660949, 33620408, 33661293, 33623210, 33599540, 33654495, 33613503, 33629006, 33618640, 33638715, 33634945, 33663414, 33613497, 33637058, 33610524, 33629420, 33666105, 33620136, 33653310, 33618536, 33636325, 33637224, 33622478, 33643790, 33663289, 33643777",#트렌디 #스트레스 #기분전환 #노동요 #취향저격 #Pop #신나는 #드라이브
491079512,491079512,눈에띠네.,NEW 기타로 이루어진 잔잔한 국내 인디음악,"33010630, 33240851, 30612416, 31321349, 31834337, 33332512, 31243782, 30260502, 30453365, 31726704, 33277163, 32513985, 31020445, 30745314, 32643920, 33406558, 30003578, 32091223, 30648772, 31697406, 30290580, 33160441, 32702346, 33056912, 33116860, 32231013, 33257156, 33340514",#봄 #매장음악 #인디음악 #잔잔한 #카페 #쓸쓸한 #공부 #조용한 #인디 #어쿠스틱
496150311,496150311,timeoff,기분 좋은 산책을 위한 적당한 텐션의 팝,"33628108, 33213272, 33404435, 33587059, 33518190, 33556530, 33348842, 33620400, 33638430, 33136453, 33559431, 33411566, 33636325, 33549120, 33538157, 33382845, 33625968, 32714482, 33524083, 33162580, 33121104, 33410351, 33341761, 33550247, 33619707, 33474115, 33404824, 32866929, 33225211, 33503751, 33175900, 33396734, 33500664, 33426867, 33501508, 33017352, 33399127, 33643790, 33426866, 33620407, 32881519, 33561599, 33371495, 33570939",#이어폰 #기분전환 #느낌있는 #퇴근길 #Pop #저녁 #감성 #산책 #드라이브 #분위기
495770292,495770292,켈리류,숲속에서 꿀잠 잘래요~ 포근한 Jazz,"30911766, 32475173, 23179919, 1876016, 23046717, 1271425, 4300090, 1075035, 4300086, 25114625, 1122762, 106805250, 101506455, 5052966, 101627251, 106813618, 33300736, 29094513, 11789084, 106755122, 33543992, 33582921",#카페 #잔잔한 #재즈 #tea_time #Jazz #감성 #커피 #휴식
436085960,436085960,HIFI팝마스터,메말랐던 감성을 자극할 어쿠스틱 알앤비,"24149298, 33316982, 32873093, 8111367, 30683887, 8309985, 1481952, 32320076, 30663066, 3986831, 635785, 32962175, 32170780, 21937536, 32603378, 30582732, 32505107, 32128945, 31866417, 369680",#꿀보이스 #음색깡패 #부드러운 #감미로운 #알앤비 #명곡 #귀르가즘 #어쿠스틱 #감성 #소울
495415704,495415704,밍쿠2,차트에 없지만 알리고 싶은 50곡,"33521536, 33434143, 33512614, 33542376, 33571910, 33425479, 33442301, 33528902, 33541708, 33345155, 33571543, 33523706, 33571793, 31726704, 33497856, 33559392, 33507462, 33527706, 33489034, 33523923, 33567504, 33526307, 33538739, 33512367, 33233174, 33368996, 33337630, 33375795, 33516933, 33498478, 33562949, 33503725, 33516934, 33468912, 33226252, 33546832, 33577844, 33211820, 33572057, 33525228, 33518914, 33333803, 33527699, 33531543, 33536854, 33413898, 33571775, 33544690, 33462463, 33536613",#추천곡 #2021년좋은곡
484659152,484659152,대중가요마스터,유행은 돌고 돈다! 두둠칫 레트로 댄스곡,"33507137, 32725022, 33466710,, 33464805, 33016453, 32814383, 32996476,, 33559184,, 33372781,, 33169122,, 32860423, 33466710, 33589262, 33487221,, 32588066, 32908826,, 33169122, 33016453,, 33549028,, 33352039,, 33655994, 33001672,, 33507137,, 32725022,, 33352039, 33001672, 33549028, 33372781, 33048557, 32860423,, 32814383,, 33559184, 33655994,, 32908826, 32588066,, 32996476, 33048557,, 33589262,, 33487221",#기분전환 #디스코 #가요 #2020년대 #댄스 #신나는 #뉴트로 #내적댄스 #레트로
496442762,496442762,God_Punk,홈 트레이닝이 즐거워지는 최신 팝 & 일렉,"33623210,, 32437162,, 33615580, 33620961,, 33568332, 33481746, 33608136, 33444070,, 33658563, 32437162, 33657974, 33608136,, 33568332,, 33612788,, 33657974,, 33612788, 33514584,, 33607963, 33600791,, 33619822, 33623210, 33618949, 33618949,, 33620961, 33514584, 33615580,, 33657771,, 33648337,, 33639899, 33415164,, 33658563,, 33599540, 33621704,, 33444070, 33599540,, 33607963,, 33481746,, 33648337, 33621704, 33657771, 33556231,, 33619822,, 33629041, 33415164, 33639899,, 33600791, 33556231",#운동 #일렉트로니카 #갓펑 #팝 #신나는 #흥겨움
457492866,457492866,Melon_히든트랙,"환기가 필요한 순간, 자유로운 히든 '해외 ROCK'","33447403,, 33620338, 33639477,, 33581841, 33445664, 33584831,, 33561141, 33393549, 33528570, 33528570,, 33398869, 33398869,, 33612540, 33623945,, 33337512,, 33359677, 33452186,, 33447403, 33413201,, 33425289, 33359677,, 33337512, 33588219, 33620338,, 33561141,, 33581841,, 33425289,, 33639477, 33393549,, 33498756, 33538564,, 33445664,, 33584831, 33623945, 33498756,, 33452186, 33538564, 33612540,, 33413201",#트렌디 #기분전환 #히든트랙 #취향저격 #신나는 #록 #Rock #드라이브
481488761,481488761,아늑한멜로디,험난한 세상 속 위로와 응원이 필요할 때,"32091260,, 5710000, 33359861,, 33453552,, 31857025, 33660696,, 32614124,, 33226246, 32614124, 33400801,, 33167413,, 33343246,, 33117290,, 33372781, 33251230,, 33397586, 4118334,, 33463310,, 32617398,, 9622334, 91846, 32997913,, 33183432,, 32318751,, 32903946,, 33379744, 5474213,, 33660696, 33400801, 91846,, 33453552, 3843571, 30645458, 33226246,, 30383982, 33251230, 32996567,, 30383982,, 32808616,, 33085208,, 33527705,, 33183432, 33587957, 33391155, 33587957,, 33384213, 5710000,, 30645458,, 1029553, 1029553,, 32996567, 33372781,, 33225791,, 9622334,, 33085208, 33391155,, 33359861, 32921686,, 1122105,, 1032607, 32921686, 3780554,, 3843571,, 31565790,, 33225791, 32997913, 33507464,, 4118334, 32617398, 32724850, 32091260, 33527705, 32318751, 33507464, 32903946, 1032607,, 5474213, 32808616, 33651132, 31857025,, 3780554, 33651132,, 33117288, 33397586,, 33463310, 31565790, 33462489, 5472140,, 33343246, 32510503, 33117290, 32510503,, 33379744,, 33384213,, 33167413, 5472140, 33117288,, 32724850,, 1122105",#지친 #힐링 #발라드 #댄스 #토닥토닥 #위로 #감성
449757706,449757706,DJ멜군,NEW 대박! 해외 팝스타와 만난 K-POP,"32106199, 32964537,, 32741839,, 32962258,, 32136628, 32632410,, 32107750, 33440224,,, 32934323,,, 32157892,,, 33280410,,, 31901111, 33440224,, 32176278,, 31901111,, 33436023,, 33206787, 32957682,, 33182041,, 33416508,, 33431320,,, 33436023,,, 33637247, 32889003,,, 33522949,,, 33416508, 32233608,,, 33264230,, 32059289,, 32147306, 32421044,,, 32927588, 32628046,,, 33001939, 32157892, 32937332,,, 32961717,,, 33436023, 32231758,,, 32934323, 32441414,,, 33001939,,, 33094725, 32889003, 31948745,, 32198054,,, 33522949, 33189608,,, 33464054, 32136628,, 31864994, 32887303, 32957682,,, 32058612, 33522949,, 32441414,, 33515264,,, 33206787,,, 32957682, 32186109, 32233608,, 32927588,,, 32157892,, 32107750,,, 33357889, 32947184,,, 33264230,,, 33094725,,, 32578369,,, 32231758, 32578369,, 33189608, 31901111,,, 32628046,, 32136628,,, 32441414, 31864994,,, 33666269, 33357889,,, 33094725,, 33264230, 32961717,, 32186109,,, 33637247,, 33666269,,, 32632410, 31948745,,, 32632410,,, 31864994,, 32231758,, 32937332, 32186109,, 32176278,,, 33280410,, 32089595,,, 32961717, 32107750,, 33515264,, 33264469,, 32887303,, 33264469,,, 33182041, 32741839,,, 32059289, 33431320,, 33182041,,, 32198054,, 33416508,,, 32106199,,, 33666269,, 33440224, 32964537, 32465907, 32089595,, 32106199,, 32741839, 32962258, 32465907,,, 31948745, 33001939,, 33206787,, 32628046, 32927588,, 32937332,, 32578369, 33464054,,, 33264469, 32964537,,, 32059289,,, 32947184,, 32962258,,, 33515264, 32887303,,, 32147306,, 32176278, 33431320, 33637247,,, 32947184, 32058612,, 32147306,,, 32198054, 32233608, 32421044, 33189608,, 32089595, 33280410, 33357889,, 33464054,, 32934323,, 32465907,, 32421044,",#기분전환 #팝스타 #느낌있는 #컬래보레이션 #Pop #케이팝 #피처링 #감각적인
484740314,484740314,바라봄사운드,생뚱맞지만 케미가 돋보이는 콜라보,"32321303, 1916355,,, 32969181,, 31571110, 30351580,,, 1913505,, 33064133, 32969181, 5569383, 5569383,,, 516208,, 32676780,,, 32721866, 8091961,,, 32577266,, 1913505, 32607375, 31356451,, 31571110,,, 31356451, 32577266,,, 8091961,, 1916355, 1916355,, 8091961, 33004734, 33004734,, 32664172, 31356451,,, 32721866,, 516208,,, 33617694, 33064133,, 32321303,,, 32676780, 32607375,, 31626187,, 32321303,, 33617694,,, 32721866,,, 1913505,,, 516208, 31626187,,, 32607375,,, 33617694,, 31626187, 32664172,, 32577266, 5569383,, 4369839, 4369839,, 30351580,, 30351580, 33004734,,, 32969181,,, 33064133,,, 32676780,, 32664172,,",#케미 #조합 #듀엣 #콜라보
492906594,492906594,HIFI가요마스터,래퍼가 피처링한 아이돌 노래,"31850523,, 33623666,, 31850523,,, 32725016, 31520067, 31678591, 31779531,,, 33035936,, 31847473, 33375148,, 33478129,, 33408563, 7877917, 32064571,,, 33035936,,, 31678591,, 32064571,, 32749031,,, 31520067,, 32064571, 33375793, 31674966,, 31520067,,, 33375148, 33478129, 33623666,,, 31678591,,, 33478129,,, 31037173,, 32749031, 30851704,,, 31037173, 31674966, 30851704, 33375148,,, 7900828, 33623666, 32725016,,, 33375793,,, 31917678,, 33375793,, 31674966,,, 31779531,, 30851704,, 7900828,, 7877917,, 31847473,, 31037173,,, 31917678,,, 33035936, 31917678, 31779531, 7877917,,, 32749031,, 31847473,,, 31850523, 33408563,, 7900828,,",#트렌디 #힙합 #기분전환 #콜라보 #아이돌 #래퍼 #피처링 #듀엣
433154797,433154797,ELECTRONICA마스터,"하우스 음악과 힙합의 만남, 힙 하우스","1806636,, 11159859, 5827478, 5698830, 30877013,, 1806636, 30201359,,, 4088819 19541,, 4001142, 5827478,,, 3947833,,, 4920486, 3625705,,, 3275574 30588663,, 11159859,,, 498419, 7862009,, 4088819, 1119734,,, 5410073,,, 4920486 19541 4721397,,, 498419 1119734 5827478,, 11979929,,, 7862009, 8074092, 30201359 4920486,,, 5698830,, 30537301,,, 3275574, 19541, 4721397 8074092,, 30588663,,, 30588663, 9641969, 3275574,,, 30877013, 4920486,, 30537301, 9641969,,, 30537301,, 3947833,, 3947833, 11979929,, 3688050,, 3688050 4721397,, 1119734, 1806636 498419,,, 5410073,, 498419,, 11979929 30877013 30537301 3688050, 5698830 7862009,,, 3947833 5410073, 7862009 30588663 30678350 30678350, 5698830,,, 9641969,, 30201359, 8074092 11979929, 9641969 11159859,, 5410073 30678350,,, 4721397, 4088819,,, 3275574,, 5827478 1119734,, 4001142 30201359,, 19541,,, 30877013,,, 3688050,,, 8074092,,, 3625705 3625705, 4001142,, 4001142,,, 4088819,, 11159859",#해외랩힙합 #힙합 #클럽 #신나는 #해외일렉트로니카 #1990 #기분전환 #힙하우스 #electronica
425824666,425824666,ELECTRONICA마스터,"하우스와 레게의 퓨전, 뭄바톤","5807767 3819479,, 30443645, 4846678,, 31654039,, 8269638 4470991,, 31654039 5906811,, 30443645,,, 5906811 8304009, 4255060,,, 3405544, 4663244, 5464577,, 31654039, 4663244,, 4787324 4846678, 3477799 5807767,, 11952790 11952790,, 4846678 8269638,, 5464577, 4255060, 4255060,, 12091130,,, 3477799,, 4787324,, 5906811, 11952790, 31654039,,, 12091130, 6796835,,, 5906811,,, 8304009 8304009,, 4663244 3405544,,, 4255060 3477799,,, 4787324,,, 4255783,,, 6796835 8269638, 12091130,, 3405544,, 6796835, 3819479, 4470991, 5807767,,, 4255783 6796835,, 11952790,,, 5716951 3819479 4846678,,, 3819479,,, 8269638,,, 3405544 4255783,, 5716951, 5464577 30443645 5807767, 4470991,,, 5716951,,, 3477799, 4470991 12091130 4787324, 4255783, 30443645,, 4663244,,,",#하우스 #신나는 #파티 #뭄바톤 #스트레스 #세부장르 #그루브 #레게댄스 #EDM #electronica
434480734,434480734,ELECTRONICA마스터,"청량한 멜로디 메이커, DJ 카이고","30632997,, 8190810,, 32489312 30241421, 7848583,, 30955884 30710648, 30678928,, 4745990 31820244 30645581,,, 32332336, 30632997, 32784367 32598681,,, 32332336,, 8057618,,, 8190818,, 5629113, 31128048 5629113,,, 5492969,,, 30313595, 31379427,, 7848583,,, 4745990, 32598681 32784367,, 30632997 30394272, 30241421,, 31128048, 5492969, 30394272 8057618 8190812 8190812,, 32489312,, 7960376,,, 32332336,,, 32598681,, 32332336 7960376 7960376, 30678928,,, 32535560,,, 31379427,,, 30678928, 5492969 32784367, 8190818,,, 30955884, 31128048,,, 8057618, 30394272,, 30955884,, 30645581 30313595,, 7848583 30678928 31820244,, 32535560 8190812, 8190818 30313595 31820244, 8190812,,, 30645581, 5492969,, 30710648,,, 32784367,,, 4745990,,, 32598681, 32535560, 31379427 30632997,,, 31379427, 4745990,, 30241421,,, 8057618,, 30645581,, 30955884,,, 30394272,,, 7848583, 5629113,, 7960376,, 8190818, 32535560,, 31128048,, 30710648 8190810,,, 30313595,,, 32489312, 8190810, 5629113 8190810 30241421",#카이고 #트로피컬하우스 #청량한 #DJ #프로듀서 #EDM #기분전환 #Producer_DJ #electronica
425765140,425765140,ELECTRONICA마스터,"하우스와 남미 음악의 만남, 라틴 하우스","15478636,,, 6131960 15478636,, 5201390, 6338405 5140257,,, 1584287, 5132563,,, 5201390,, 3316050,,, 3770534,,, 5132563, 7142209,,, 24959239, 15478636 32614234,,, 10791181,, 1584287,, 5209613 6131960, 5209613,, 30561793, 7142209, 3524370 6131960,, 1584287 5630434 5209613,,, 15610630 7142209 2446216, 9779322, 5630434,, 15610630, 30561793,, 10791181,,, 10791181, 9779322 3770534,, 30561793 5140257,, 32614234, 32614234,, 15478636, 5630434, 6338405,,, 6338405, 5132563 10791181 3524370, 24959239,,, 5201390 3770534 15610630,, 1584287,,, 3316050 2446216,, 5209613, 5140257 24959239 6131960,,, 3524370,,, 2446216 3316050, 3316050,, 3524370,, 6338405,, 24959239,, 5201390,,, 3770534, 7142209,, 5132563,, 9779322,,, 5140257, 9779322,, 5630434,,, 32614234",#하우스 #신나는 #파티 #스트레스 #남미 #경쾌한 #EDM #라틴 #electronica
494200213,494200213,Yevely.K,폭신한 이불 덮고 에어컨 틀기,"32447472,, 33069147,, 32636107,,, 33132094,, 32762075,,, 33371478,, 32830408, 33069147, 32877075,,, 32830408 33371478,,, 33450368,, 33069147 32830408,, 32531431,, 33371478 32450201,, 33054789,,, 32939152, 33027125,, 32877075,, 32539935, 32906310 33384800,, 33065340, 32569034,,, 32569034, 32636107 33450368, 32906310, 31606220,, 32830408,,, 32636107, 32877075 32762075, 33054789, 32939152 33384800 32450201, 32539935,,, 33065340 33054789,, 32447472, 33384800,,, 33450368 32939152,, 31606220,,, 33450368,,, 32906310,, 32531431,,, 32450201 32531431 32569034,, 33132094,,, 32447472,,, 33384800, 33027125,,, 32877075, 32531431, 32762075 33132094, 33065340,,, 32906310,,, 32539935 32447472 33132094 33065340,, 32636107,, 33069147,,, 33027125 33027125, 32450201,,, 31606220 33054789 31606220, 32569034 33371478,",#아침 #알앤비 #트렌디 #bgm #주말아침 #집순이 #세련된 #감성 #여름 #선선
495875716,495875716,안녕봄빛,시원하고 세련된 재즈로 힐링하기,"2971531,, 14988473, 12467164 26253890, 31888217 24139613, 106776148,, 3204696,, 22986018,, 31888217, 1856002,, 30995875, 30995875 26253890,,, 25178454, 3129948 6117664 33493481,,, 30995893 1141193,, 22822203 10877736,,, 4061922,, 33082171,, 25178454 23791678,, 22986018, 8132850,,, 30995875,, 1141193 2523978,, 6117664,,, 7350563, 2523978, 4061922,,, 1856002 30995893,,, 33082171, 8062765, 22986018 27021859 3148050,, 12467164,, 7350563,, 6117669 14988473,, 24139613 4061922, 7350563 22822203, 3129948, 14988473,,, 1331329,,, 1331329 1331329,, 33493481,, 23791678 8132850 8062765 3148050, 30995893,, 2971531 3204696 6117669,,, 8132850, 515356 6117664,, 3148050,,, 8132850,, 22822203,, 106776148,,, 515356, 28616277, 12467164, 106776148 33082171 33082171,,, 28616277,,, 1856002, 33493481, 10877736 3129948,, 23791678, 23791678,,, 24139613,,, 7350563,,, 106776148, 23970197,, 6117669, 27021859, 26253890 1331329, 23970197 6117664, 515356,,, 31888217,, 3204696, 1141193, 3129948,,, 515356,, 2971531, 1141193,,, 31888217,,, 10877736, 25178454,, 30995875,,, 26253890,, 14988473 1856002,,, 30995893, 10877736,, 23970197,,, 3148050 25178454,,, 27021859,, 24139613,, 2971531,,, 33493481 28616277 6117669,, 3204696,,, 8062765,, 23970197, 2523978 22822203,,, 22986018,,, 28616277,, 27021859,,, 4061922",#카페 #힐링 #재즈 #세련된 #휴식 #드라이브 #매장 #여름 #기분전환
495121044,495121044,ROCK마스터,속이 뻥 뚫리는 시원한 K-Rock 듣기,"33017132,, 33163791,,, 33033135,, 32871738 33473986 33175881,,, 32982485,,, 32284970,, 33175881, 33519224 33411567 33175881,, 33175881 33665965 33163791,, 33033135,,, 33017132 33519224, 32871738, 32284970, 32871738,,, 32882288, 32442635,, 33520252,, 33017132, 33033135, 33418791,, 33411567,, 32571085,, 33163791 33520252, 32442635 32982485,, 33411567, 33163791, 33334361,,, 32871738,, 33473986,, 32571085,,, 33473986, 33041668 32982485, 33520252,,, 32926498, 33033135 33334361 33520252 32926498 33418791, 33041668, 33508808,, 32442635, 33411567,,, 32571085 33519224,,, 32882288,, 33508808,,, 33387468,,, 33334361, 32284970 32284970,,, 33387468 32882288 33418791 32442635,,, 33387468, 33017132,,, 33334361,, 33508808, 32882288,,, 32926498,, 33387468,, 32982485 33473986,,, 33041668,,, 33418791,,, 33508808 33519224,,",#국내록 #신나는 #스트레스 #록 #2020년대 #드라이브 #하드록 #시원한 #여름 #기분전환 #강렬한
457910933,457910933,HIPHOP마스터,NEW 도입부부터 취향저격! TRENDY '해외 랩/힙합',"33651537,, 33666325,, 33614092,, 33600774,, 33588650,,, 33653806,, 33640870,, 33618847,,, 33590521,,, 33665234,,, 33620194,,, 33618847, 33658835,, 33601428, 33667254,, 33600774,,, 33588006,,, 33658835,,, 33620194,, 33601428,, 33640870,,, 33600611, 33614092, 33588650, 33667254,,, 33618847,, 33640870, 33608104, 33636328, 33614092,,, 33625728,, 33658835, 33667254, 33653806, 33651537,,, 33600774, 33666325, 33665234,, 33625728,,, 33590521,, 33666325,,, 33651537, 33631713,, 33636328,, 33600611,, 33631713,,, 33590521, 33625728, 33620194, 33636328,,, 33588006,, 33653806,,, 33588650,, 33665234, 33631713, 33588006, 33601428,,, 33600611,,",#트렌디 #힙합 #랩 #해외힙합 #HipHop #신나는 #드라이브
496508080,496508080,Ripples리펄즈,NEW 이 음악 제목이 뭐지? 국내 밴드 노래 모음,"8028129, 30097597,,, 8028129,, 31905043,,, 30526807,,, 32584915, 30739023, 8172968,, 31414155,, 31986204,,, 30745795,,, 4594669,,, 4594669, 31414155,,, 32539886, 32584915,,, 32870322, 30745795, 32290096,, 8172968,,, 30097597, 30739023,,, 31986204, 30097597,, 8028129,,, 31905043, 32290096, 30745795,, 31986204,, 8172968, 31414155, 30739023,, 31905043,, 32539886,, 30526807, 32539886,,, 4594669,, 32584915,, 32870322,, 32870322,,",#밴드 #palylist #국내
495840380,495840380,Yevely.K,더위를 피하며 차분하게 마음 휴식하기,"32271981,, 32932967, 32505957,,, 32738169, 31904153,, 32806239,, 32586116,, 32874021,, 33541844,, 32271981,,, 31984496,,, 32738169,, 32661625,, 31399512, 32281944, 32271981, 32177557,,, 32012942,,, 32806239,,, 32932967,, 33018509, 32586116, 31904153,,, 32505957,, 32281944,, 32183908, 32874021,,, 33279155,, 31984496, 32932967,,, 33018509,, 32012942,, 32661625, 32460061, 32460061,,, 31984496,, 33279155,,, 32460061,, 32177557,, 32249644, 31904153, 32586116,,, 32738169,,, 32661625,,, 32177557, 32183908,, 33541844,,, 31399512,,, 32183908,,, 32281944,,, 31399512,, 32994090, 32012942, 32874021, 32994090,, 32505957, 32806239, 32994090,,, 33541844, 33279155, 33018509,,",#잔잔한 #여행 #힐링 #팝 #숲 #여름 #휴식
451173108,451173108,Melon_핫트렌드,NEW 화제의 에드시런 신곡! 금주 오피셜 차트,"33045038,,, 33534819, 33366440,,, 33506435, 33537863,, 33309791,, 33507852,,, 33374718,,, 33507852, 33309791, 33416068,, 33197951,, 33607942,,, 33481746,,, 33416068, 33438165, 33537863, 33364131,,, 33306230, 33534819,, 33506442,, 33438165,, 32491814,, 33507137,, 33366428,, 33507091, 33588967,, 33306230,,, 33309791,,, 33264637,,, 33481746, 33613524,, 33623210,,, 33045038,, 32491814, 33460901,, 33319757, 33045038, 33613524,,, 11779868,, 32491814,,, 33506831,, 33460901, 33063704, 33306230,, 33147564,,, 33366428, 32182451,, 33264637, 33623210, 33507091,,, 11779868, 33319757,,, 33551375,, 32474773,,, 33588967,,, 33319757,, 33507091,, 33588967, 32474773, 33147564, 33655274,, 33147564,, 33506435,, 33534819,,, 33398835, 33507137,,, 33460901,,, 33642900,,, 33063704,, 33366440,, 33506831,,, 33063704,,, 33612814,, 33613524, 33506442, 33642900, 33607942, 33623210,, 33655274, 33507852,, 33264637,, 33506435,,, 33197951, 32182451, 33366428,,, 33364131,, 33612814,,, 33398835,, 33607942,, 11779868,,, 33588961, 33642900,, 33506831, 33655274,,, 33506442,,, 33416068,,, 33507137, 33197951,,, 33551375,,, 33612814, 33374718,, 33374718, 33551375, 32182451,,, 33438165,,, 33481746,, 33364131, 33366440, 32474773,, 33398835,,, 33537863,,",#차트 #영국 #오피셜차트 #기분전환 #오피셜싱글 #오피셜 #Pop #드라이브
495733653,495733653,palette.,창가에 앉아 멍하니 듣는 리메이크 곡,"31767620, 31775835, 33277070, 30587671, 8226483, 4646573, 30636089, 1322987, 31294426, 3568873, 8038458, 30516543, 31582380, 30777977, 32873490, 5482636, 31340345, 32837544, 32794652, 3946867, 30312053, 4300699, 3666573, 33152871, 5493725, 3895885, 665230, 7942948, 33361412, 32473998, 30610310, 3681993, 30646584, 30660281, 3492979, 32847945, 7921208, 7953577, 32829947, 3729818, 8275728, 8141272, 32859945, 32846393, 31383915, 33214206, 31895019, 31339611, 33346928, 30531083",#상쾌 #추억 #설렘 #그때그시절 #리메이크 #인디 #버스 #맑은 #산책 #여름
494276403,494276403,serendipper_,NEW 해안 도로를 달리며 느끼는 summer vibes,"30406117, 33654984, 32182451, 30477713, 33613501, 32333686, 33486580, 33472652, 31936649, 33295336, 32449827, 33059787, 32551588, 32629169, 33498700, 32106966, 33228084, 33104367, 31928449, 33259863, 31965901, 30695304, 33059768, 32745872, 31167735, 31615264, 32616126, 33502071, 32630693, 31319629, 32491813, 33214012, 30816938, 32631091, 33356941, 33346919, 32360070, 31759422, 32580203",#해안도로 #신나는 #휴가철 #드라이브 #여름
457882592,457882592,인디키키,밤을 가득 채워줄 인디 보름달이 떴습니다,"33046124, 33498187, 33233984, 33398060, 32716515, 33212602, 33347435, 33488988, 32387567, 33240851, 33465343, 33229391, 32974700, 33435889, 33138397, 32922505, 32953592, 33420268, 33220795, 33154417, 32970120, 33387967, 33214671, 32681919, 33011061, 32188777, 33426163, 33429154, 33238609, 33496619, 33426187, 32399888, 32689681, 32380087, 33032951, 33065337, 33571775, 33420379, 32580063, 33168131, 33384213, 32698647, 32492882, 33509703, 33214419, 31200183, 32906328, 33425547, 32737619, 33483031, 32839565, 33209521, 33483478, 33577652, 31923551, 33186501, 33303608, 33340515, 33428160, 33043111",#사랑 #감성적인 #밤 #카페 #잔잔한 #인디 #감성 #새벽 #금요일 #휴식
438119636,438119636,Melon_핫트렌드,버락 오바마's Pick! 2021 여름 플레이리스트,"33481466, 33189165, 106732663, 1358627, 33072250, 495599, 4900854, 33649028, 33584580, 30147205, 1048246, 23178654, 33333778, 624243, 106763707, 2107575, 32161147, 33227445, 33079721, 32117568, 106835215, 33333951, 33164119, 33257425, 33628968, 1085737, 8244276, 31075951, 792716, 30660866, 1061516, 2222237, 32887160",#기분전환 #2021 #명곡 #팝 #신나는 #오바마 #여름
493517559,493517559,Hipster,강렬한 매운맛이 느껴지는 아이돌 노동요,32899003 32175937 4262252 31149437 31113240 31697634 32803091 31252455 31617742 2788757 31717826 32748910 8167307 32358750 33034623 30470845 2352749 31608591 8304595 33529270 33032093 33447280 5584641 32688454 32012356 32681306 2160048 33067476 30637987 31969026 32351853 33456218 30029182 32393669 32941214 33515507 2667293 5661710 32893782 32531473 4633162 32908777 32531474 2621364 31448479 31055324 31372447 30901347 32217921 32465071 33244575,#노동요 #댄스 #케이팝 #스트레스 #업무 #과제 #아이돌 #기분전환 #마라맛 #자존감
495677291,495677291,D달닻J,"NEW 음악, 감각을 디자인하다. 트렌디 팝송!",33518757 33529348 33549538 33515474 33539531 33334641 33522074 33526406 33551368 32962945 33531052 33525322 33517265 33590554 33584886 33588967 33588961 33520330 33481746 33521483 33570930 33562124 33569043,#달닻 #카페 #트렌디 #감각적 #세련된 #감각 #기분전환 #라운지 #팝 #분위기
496456271,496456271,공중정원.,여름밤에 녹아드는 낭만적인 빈티지 감성,33538699 33534121 31975254 33532890 33241766 32912711 33350389 32631589 33551867 33288322 33264092 33603789 30271909 33573316 32828651 33444568 33527472 33376271 31682178 30595262 32479673 32037388 33397377 32571525 33081102 31659488 33498153 32548737 33498879 32602674 33242450 18720584 33549134 30520145 33259015 33544439 33595733 33569116 33430013 31867546 33548886 33628044,#Chillout #여름밤 #선선한 #인디팝 #인디락 #Chill #나른한 #빈티지
495220759,495220759,손익분기점.,NEW 퇴근 후 맥주 한 캔과 함께하는 감성 힙합,32108232 4160245 33448301 7943657 7858908 32616844 32721613 2017256 33315263 3843570 4476045 8204539 33333802 31353993 3624808 32018977 33345191 32079739 5390962 33319890 3948893 31764240 33425426 3534943 5593280 32224272 31057881 32035983 33453562 32132408 33369210 32643134 32374271 32106448 30897246 3770037,#밤 #힙합 #센치 #감성힙합 #맥주한잔과 #감성 #퇴근_후
495612993,495612993,UoYo,기분전환! 세련되고 트렌디한 사운드의 곡,33558324 32098588 33332937 31077037 33481756 33273357 33453839 33571283 31763957 33448010 27000252 26997460 31675434 33349281 33464628 33405304 33514585 33481762 33504060 33510310 33569070 33539444 31759191 33049795 33584125 32582506 21943787 33506831 33562045 31763913 33426706 32778879 33462766 33518964 33548680 33535508 33504076 32690004 33541634 33517743 33439014 33588967 33548694 33481757 33231079 33249066 33521483 33486042 33514395 33499927,#여행 #아침 #트렌디 #감각적 #세련된 #드라이브 #기분전환
494557553,494557553,푸항항포항항,지금 당장 카페 차리고 싶어지는 달달한 R&B,33658700 31288846 33162978 33248702 32381267 32390552 31521710 31687608 32055421 30646664 33542376 31779028 32664172 31409129 33346999 3051817 31889971 33229447 33228009 33381757 33039287 32074818 33320458 33282250 30807164 33456873 31770213 32021897 32027759 33453045 33163615 32059754 32677188 32068270 32379638 32403386 30980827 32291380 31376042,#카페 #힐링 #잔잔한 #알앤비 #설렘 #달달 #휴식 #감성 #편안한
495746612,495746612,별이빛밤,NEW 그늘에서 듣는 시원시원한 청량미 OST,1526398 31089311 4384955 1889400 30413689 1784888 3703446 30481830 30736863 31948824 3652946 9619993 4711063 30420259 31084958 5755362 31988936 3723788 31254775 31202923 30753481 1604524 30539532 31612282 30850252 32107210 30673217 2531550 1173836 31512453 30087753 31429687 33333863 31329022 8251040 33519250 31776047 31988556 3552183 32377126 4191057 33029213 32268898 31445541 931963 30917251 31797094 1175028 30642510 31283514,#기분좋은 #설렘 #출근길 #사랑 #더위 #드라이브 #퇴근길 #OST #여름 #기분전환
455957078,455957078,분휘기있게,더욱더 유명해져야 하는 국내 밴드,32706876 31710421 33669679 33056076 32334097 32688790 32626897 33275765 30115315 32981385 33179975 30590715 31499110 33072413 32625447 31447010 30344608 33032880 33261461 33102134 32156673 8278130 31229812 33271357 3905040 32723834 32476250 33102129 33186501 32179168 8147212 32849586 32637799 32298646 32296611 32768855 32858889 32637801 33274486 32173589 9607942 32952873 31564927 32622008 32833765 31298313 33072422 33257511 32604444 32636819 31484986 30478572 32729249,#국내밴드 #신예밴드 #국내록 #Rock #모던록 #록 #인디밴드 #인디 #루키
495659065,495659065,Z_aYn,NEW 취향 가득 눌러 담은 밴드 노래,31888364 33241003 31969572 30880944 56043 31626187 195545 31969573 527871 5638193 32466662 37101 32461421 32061268 31082990 32282505 32341976 5555237 455267 31469283 5469644 33447541 31469425 7900092 33021760 51503 4682456 30388627 5656580 31031547 37003 32282508 31803092 32593460 37004,#밤 #새벽 #잔잔한 #잠들기전 #빈티지 #퇴근길 #감성 #드라이브 #기분전환 #밴드
489726379,489726379,TOM,옛날 감성이 담겨있는 편안한 인디록,33167330 32030964 32681919 5650388 30676576 30444667 30977913 32607364 2997924 3941433 32282505 31299446 32939044 1143064 8249047 3647075 32833765 32117528 32939058 31309962,#밤에듣기좋은노래 #인디록 #밴드음악 #인디음악 #빈티지한 #인디밴드 #인디 #휴식 #감성 #편안한
411932691,411932691,김-머랭,당신에게 꼭 들려주고픈 국내 밴드,32314615 32028589 5654569 31146494 32413473 32310956 32590150 30226662 31853819 31332601 31969571 32167797 32890869 32447135 32073703 30019710 3931157 30504089 33005067 32397251 2026306 32524456 32089972 32791400 30384409 32363372 32119043 31626582 31506908 33284722 32944259 32012033 33089138 2610778 32936122 32307437 32829775 32067736 32482631 5393284 32578806 31357763 31907979 30785420 32236989 30764184 1571649 30676577 31817457 30135396 33474957 32007420,#싸이키델릭 #명곡 #모던락 #인디밴드 #인디 #기타 #어쿠스틱 #가수 #애정 #밴드
